"","month","dow","hour","num_trips","trip_dur","age"
"1",1,1,0,56,12.41,35.46
"2",1,1,1,51,17.81,32.88
"3",1,1,2,43,13.94,34.02
"4",1,1,3,11,17.28,36.55
"5",1,1,4,6,40.36,30.67
"6",1,1,5,12,13.59,48.33
"7",1,1,6,33,40.23,36.73
"8",1,1,7,33,53.73,38.73
"9",1,1,8,110,9.87,34.88
"10",1,1,9,172,10.84,34.45
"11",1,1,10,296,15.46,33.88
"12",1,1,11,321,12.22,33.82
"13",1,1,12,441,18.11,34.12
"14",1,1,13,462,43.87,34.17
"15",1,1,14,457,35.25,33.85
"16",1,1,15,450,31.85,35.14
"17",1,1,16,462,18.61,33.27
"18",1,1,17,332,58.73,32.34
"19",1,1,18,281,30.42,31.08
"20",1,1,19,228,10.26,31.26
"21",1,1,20,188,11.99,30.69
"22",1,1,21,123,12.34,32.6
"23",1,1,22,91,10.03,32.57
"24",1,1,23,64,12.92,35.33
"25",1,2,0,28,10.59,33.79
"26",1,2,1,16,12.59,37.44
"27",1,2,2,7,15.42,36.43
"28",1,2,3,7,16.63,42.57
"29",1,2,4,6,33.55,36.5
"30",1,2,5,73,10.89,33.93
"31",1,2,6,210,14.33,38.42
"32",1,2,7,553,11,37.01
"33",1,2,8,1300,14.3,36.19
"34",1,2,9,815,11.55,36.1
"35",1,2,10,331,14.96,34.84
"36",1,2,11,289,12.61,37.29
"37",1,2,12,359,15.5,36.27
"38",1,2,13,349,12.88,36.11
"39",1,2,14,275,13.65,36.39
"40",1,2,15,393,12.91,37.72
"41",1,2,16,766,15.34,38.4
"42",1,2,17,1261,12.77,37.52
"43",1,2,18,896,12.98,34.13
"44",1,2,19,550,13.12,32.58
"45",1,2,20,387,16.9,32.92
"46",1,2,21,213,12.56,32.95
"47",1,2,22,155,507.62,33.31
"48",1,2,23,70,427.97,31.59
"49",1,3,0,38,9.55,32.16
"50",1,3,1,34,11.24,33.32
"51",1,3,2,21,27.19,36.48
"52",1,3,3,12,15,39.75
"53",1,3,4,6,15.18,36.17
"54",1,3,5,73,16.26,34.59
"55",1,3,6,231,9.83,36.81
"56",1,3,7,566,10.47,37.4
"57",1,3,8,1470,30.32,36.42
"58",1,3,9,970,12.49,35.33
"59",1,3,10,434,16.6,35.02
"60",1,3,11,382,13.89,36.45
"61",1,3,12,451,62.08,37.48
"62",1,3,13,568,17.37,36.71
"63",1,3,14,477,18.66,37.27
"64",1,3,15,601,15.46,37.7
"65",1,3,16,1016,16.38,37.69
"66",1,3,17,1505,14.4,36.58
"67",1,3,18,1092,18.3,34.32
"68",1,3,19,704,15.5,33.72
"69",1,3,20,491,12.9,34.35
"70",1,3,21,356,16.7,31.13
"71",1,3,22,197,11.26,34.51
"72",1,3,23,85,11.61,31.93
"73",1,4,0,56,15.96,31.84
"74",1,4,1,22,13.5,34.86
"75",1,4,2,20,382.06,39.85
"76",1,4,3,10,38.85,41.9
"77",1,4,4,10,96.58,35.2
"78",1,4,5,92,17.31,33.09
"79",1,4,6,247,11.88,37.43
"80",1,4,7,740,12.62,38.03
"81",1,4,8,1850,20.87,36.55
"82",1,4,9,1267,17.66,36
"83",1,4,10,579,16.9,36.44
"84",1,4,11,443,64.35,36.17
"85",1,4,12,573,12.28,36.55
"86",1,4,13,474,13.31,35.98
"87",1,4,14,468,23.97,36.57
"88",1,4,15,620,13.66,37.84
"89",1,4,16,1190,21.08,38.19
"90",1,4,17,1935,14.11,36.85
"91",1,4,18,1369,13.02,35.1
"92",1,4,19,773,12.63,33.64
"93",1,4,20,496,15.75,33.52
"94",1,4,21,356,234.99,33.21
"95",1,4,22,259,11.2,33.22
"96",1,4,23,124,31.58,33.4
"97",1,5,0,59,267.07,31.03
"98",1,5,1,36,17.94,35.28
"99",1,5,2,18,25.33,46.94
"100",1,5,3,11,920.03,45.82
"101",1,5,4,8,10.16,37.62
"102",1,5,5,80,17.09,36.83
"103",1,5,6,255,9.32,38.16
"104",1,5,7,754,24.84,38.52
"105",1,5,8,1635,13.17,36.13
"106",1,5,9,1115,13.77,35.77
"107",1,5,10,465,21.93,34.53
"108",1,5,11,436,54.59,36.19
"109",1,5,12,469,64,35.88
"110",1,5,13,420,278.26,37.2
"111",1,5,14,405,31.51,36.51
"112",1,5,15,507,15.33,37.77
"113",1,5,16,1019,11.39,39.31
"114",1,5,17,1601,18.24,37.71
"115",1,5,18,1161,16.65,34.74
"116",1,5,19,794,12.98,32.83
"117",1,5,20,524,12.96,33.61
"118",1,5,21,416,13.69,32.3
"119",1,5,22,290,11.47,33.48
"120",1,5,23,152,11.24,34.04
"121",1,6,0,65,13.52,34.03
"122",1,6,1,38,32.4,30.13
"123",1,6,2,23,9.83,33.48
"124",1,6,3,8,46.52,44.5
"125",1,6,4,10,12.13,42.4
"126",1,6,5,70,10.03,32.87
"127",1,6,6,246,9.67,38.33
"128",1,6,7,681,10.76,37.91
"129",1,6,8,1629,11.9,36.39
"130",1,6,9,1087,11.89,35.55
"131",1,6,10,523,12.56,35.21
"132",1,6,11,466,14.59,37.44
"133",1,6,12,568,22,36.69
"134",1,6,13,553,13.3,37.68
"135",1,6,14,548,54.53,37.26
"136",1,6,15,650,27.28,37.29
"137",1,6,16,1090,35.41,38.42
"138",1,6,17,1495,14.76,36.82
"139",1,6,18,985,14.8,34.21
"140",1,6,19,622,15.27,31.86
"141",1,6,20,378,13.08,32.27
"142",1,6,21,282,12.37,32.19
"143",1,6,22,206,17.92,33.35
"144",1,6,23,118,20.21,35.13
"145",1,7,0,97,12.67,32.03
"146",1,7,1,80,12.58,32.11
"147",1,7,2,60,15.69,32.02
"148",1,7,3,20,25.33,40.85
"149",1,7,4,13,30.45,35.38
"150",1,7,5,20,11.99,37.25
"151",1,7,6,31,568.52,32.61
"152",1,7,7,67,9.68,34.27
"153",1,7,8,150,11.22,33.67
"154",1,7,9,304,14.51,34.55
"155",1,7,10,341,11.37,34.19
"156",1,7,11,416,11.69,34.23
"157",1,7,12,485,12.55,34.52
"158",1,7,13,452,31.66,34.03
"159",1,7,14,478,15.08,34.73
"160",1,7,15,452,21.45,34.47
"161",1,7,16,401,24.74,33.94
"162",1,7,17,300,12.76,33.64
"163",1,7,18,213,13.51,31.39
"164",1,7,19,196,13.2,31.43
"165",1,7,20,177,17.03,31.1
"166",1,7,21,154,31.24,32.3
"167",1,7,22,118,10.27,32.15
"168",1,7,23,113,12.34,30.83
"169",2,1,0,137,13.25,30.21
"170",2,1,1,111,12.22,32.31
"171",2,1,2,87,24.07,32.59
"172",2,1,3,29,16.12,37.34
"173",2,1,4,10,11.5,29.1
"174",2,1,5,22,16.17,41.77
"175",2,1,6,30,10.74,34.83
"176",2,1,7,60,15.42,35.25
"177",2,1,8,125,11.09,33.28
"178",2,1,9,257,12.54,32.23
"179",2,1,10,364,34.43,32.41
"180",2,1,11,469,13.09,33.66
"181",2,1,12,515,33.82,32.76
"182",2,1,13,635,25.24,34.65
"183",2,1,14,610,91.36,33.36
"184",2,1,15,573,31.2,34.68
"185",2,1,16,664,44.22,33.85
"186",2,1,17,666,30.49,32.83
"187",2,1,18,542,15.52,31.15
"188",2,1,19,369,16.45,30.73
"189",2,1,20,257,34.77,30.02
"190",2,1,21,197,13.23,31.45
"191",2,1,22,258,12.82,32.98
"192",2,1,23,242,103.49,33.25
"193",2,2,0,89,42.03,33.73
"194",2,2,1,32,110.25,36.91
"195",2,2,2,22,16.96,36.14
"196",2,2,3,7,9.49,46.86
"197",2,2,4,7,15.03,39
"198",2,2,5,57,27.4,33.49
"199",2,2,6,240,11.23,38.79
"200",2,2,7,628,11.04,37.81
"201",2,2,8,1453,16.06,35.79
"202",2,2,9,1020,14.15,35.97
"203",2,2,10,510,25.51,33.09
"204",2,2,11,434,16.72,35.12
"205",2,2,12,466,21.61,35.39
"206",2,2,13,499,32.07,35.18
"207",2,2,14,464,13.49,34.48
"208",2,2,15,538,72.84,36.1
"209",2,2,16,1027,20.67,36.96
"210",2,2,17,1727,26.94,36.8
"211",2,2,18,1209,15.21,33.32
"212",2,2,19,828,15.41,32.18
"213",2,2,20,519,15.5,31.76
"214",2,2,21,351,10.85,31.17
"215",2,2,22,216,13.01,30.71
"216",2,2,23,122,14.66,32.48
"217",2,3,0,60,12.8,33.4
"218",2,3,1,28,14.39,35.79
"219",2,3,2,17,12.7,40.24
"220",2,3,3,9,77.67,46.89
"221",2,3,4,8,8.43,32.88
"222",2,3,5,82,53.45,35.15
"223",2,3,6,276,13.64,38.49
"224",2,3,7,812,12.77,37.54
"225",2,3,8,1881,22.24,35.82
"226",2,3,9,1238,32.29,34.54
"227",2,3,10,557,54.81,33.23
"228",2,3,11,562,32.74,35.17
"229",2,3,12,686,15.41,36.3
"230",2,3,13,741,20.85,37.73
"231",2,3,14,593,15.76,36.85
"232",2,3,15,637,22.55,37.73
"233",2,3,16,917,18.84,37.75
"234",2,3,17,1649,18.43,37.29
"235",2,3,18,1194,17.07,34.53
"236",2,3,19,782,12.31,32.78
"237",2,3,20,522,14.24,32.65
"238",2,3,21,334,12.17,31.77
"239",2,3,22,213,16.35,31.58
"240",2,3,23,114,10.64,32.06
"241",2,4,0,67,13.79,34.07
"242",2,4,1,33,157.18,34.45
"243",2,4,2,15,131.56,37.93
"244",2,4,3,9,231.68,41.44
"245",2,4,4,6,612.34,38.5
"246",2,4,5,55,7.87,32.56
"247",2,4,6,230,15.27,36.88
"248",2,4,7,719,12.08,37.12
"249",2,4,8,1536,11.88,35.75
"250",2,4,9,1049,38.52,35.21
"251",2,4,10,502,57.12,34.59
"252",2,4,11,446,11.52,35.03
"253",2,4,12,548,14.66,34.7
"254",2,4,13,499,26.84,35.46
"255",2,4,14,474,12.26,35.6
"256",2,4,15,557,14.79,37.79
"257",2,4,16,1047,23.34,37.88
"258",2,4,17,1787,15.06,36.76
"259",2,4,18,1327,31.91,34.36
"260",2,4,19,863,11.25,31.87
"261",2,4,20,518,10.18,32.76
"262",2,4,21,340,13.37,31.94
"263",2,4,22,147,70.09,32.93
"264",2,4,23,87,12.19,32.25
"265",2,5,0,57,22.75,31.44
"266",2,5,1,18,9.98,28.11
"267",2,5,2,9,19.08,43.44
"268",2,5,3,7,10.14,33.14
"269",2,5,4,8,11.47,37
"270",2,5,5,52,9.7,35.19
"271",2,5,6,169,10.06,35.79
"272",2,5,7,438,25.69,36.7
"273",2,5,8,1123,17.84,35.28
"274",2,5,9,953,11.43,34.25
"275",2,5,10,479,14.25,34.5
"276",2,5,11,490,51.52,34.57
"277",2,5,12,522,11.51,34.73
"278",2,5,13,544,29.4,36.58
"279",2,5,14,532,12.28,35.69
"280",2,5,15,558,16.77,38.03
"281",2,5,16,1130,28.71,38.01
"282",2,5,17,1765,13.88,36.85
"283",2,5,18,1355,14.54,34.43
"284",2,5,19,912,42.6,32.53
"285",2,5,20,572,13.14,32.33
"286",2,5,21,433,22.52,31.7
"287",2,5,22,302,16.56,31.76
"288",2,5,23,191,11.65,31.6
"289",2,6,0,68,10.99,33.18
"290",2,6,1,41,10.74,31.34
"291",2,6,2,24,20.05,38.5
"292",2,6,3,7,10.23,39.71
"293",2,6,4,16,11.72,37.25
"294",2,6,5,62,76.17,33.69
"295",2,6,6,236,14.25,37.72
"296",2,6,7,676,14.94,37.39
"297",2,6,8,1473,16.6,35.56
"298",2,6,9,1006,27.18,34.86
"299",2,6,10,450,10.79,34.72
"300",2,6,11,451,40.79,35.22
"301",2,6,12,567,34.77,34.7
"302",2,6,13,577,16.53,35.6
"303",2,6,14,588,14,36.22
"304",2,6,15,745,17.27,36.93
"305",2,6,16,1299,14.49,37.44
"306",2,6,17,1774,13.92,35.93
"307",2,6,18,1253,13.38,34.24
"308",2,6,19,731,13.91,32.22
"309",2,6,20,451,12.77,32.29
"310",2,6,21,327,23.09,31.44
"311",2,6,22,213,13.19,32.62
"312",2,6,23,164,11.17,32.74
"313",2,7,0,137,23.45,35.3
"314",2,7,1,79,12.23,30.61
"315",2,7,2,67,17.72,32.54
"316",2,7,3,19,10.25,36.74
"317",2,7,4,15,9.12,35.6
"318",2,7,5,18,12.74,34.5
"319",2,7,6,32,12.51,36.38
"320",2,7,7,97,13.31,34.26
"321",2,7,8,221,22.89,33.61
"322",2,7,9,362,18.05,34.02
"323",2,7,10,461,27.31,33.64
"324",2,7,11,573,16.6,33.66
"325",2,7,12,609,15.67,33.44
"326",2,7,13,734,27.37,34.15
"327",2,7,14,741,22.75,34.16
"328",2,7,15,769,27.39,36.01
"329",2,7,16,710,17.25,34.71
"330",2,7,17,672,19.35,34.4
"331",2,7,18,533,14.98,32.59
"332",2,7,19,429,13.25,30.94
"333",2,7,20,295,18.37,30.99
"334",2,7,21,230,79.53,32.23
"335",2,7,22,232,14.52,33.23
"336",2,7,23,143,12.41,32.45
"337",3,1,0,221,23,33.25
"338",3,1,1,163,18.52,35.77
"339",3,1,2,175,31.58,36.05
"340",3,1,3,57,44.5,40.09
"341",3,1,4,17,12.26,39.24
"342",3,1,5,18,14.2,48.67
"343",3,1,6,42,260.78,36.57
"344",3,1,7,92,252.08,36.22
"345",3,1,8,229,23.83,33.84
"346",3,1,9,433,17.18,33.66
"347",3,1,10,614,59.74,34.73
"348",3,1,11,886,27.49,34.8
"349",3,1,12,977,30.85,35.58
"350",3,1,13,1061,30.32,35.55
"351",3,1,14,1041,42.77,35.77
"352",3,1,15,932,26.52,35.81
"353",3,1,16,921,33.44,35.48
"354",3,1,17,829,31.17,35.34
"355",3,1,18,804,21.55,34.17
"356",3,1,19,581,21.07,33.51
"357",3,1,20,398,21.2,32.26
"358",3,1,21,291,14.57,31.19
"359",3,1,22,221,16.68,33.21
"360",3,1,23,142,31.35,33.1
"361",3,2,0,69,19.32,33.33
"362",3,2,1,38,12.83,28.63
"363",3,2,2,17,14.37,36.18
"364",3,2,3,10,15.08,39.6
"365",3,2,4,10,9.86,38.7
"366",3,2,5,51,10.51,34.25
"367",3,2,6,206,18.66,38.51
"368",3,2,7,557,22.38,38.48
"369",3,2,8,1417,18.56,35.85
"370",3,2,9,1040,18.29,35.37
"371",3,2,10,510,25.51,34.02
"372",3,2,11,432,61.88,36.09
"373",3,2,12,539,14.12,36.06
"374",3,2,13,487,25.93,36.9
"375",3,2,14,525,23.9,37.69
"376",3,2,15,554,20.46,37.37
"377",3,2,16,1093,19.43,38.67
"378",3,2,17,1907,14.64,37.05
"379",3,2,18,1517,13.97,34.45
"380",3,2,19,976,19.94,32.39
"381",3,2,20,623,12.89,32.42
"382",3,2,21,430,21.49,32.66
"383",3,2,22,226,13.27,31.96
"384",3,2,23,133,19.83,34.75
"385",3,3,0,56,12.41,32.86
"386",3,3,1,43,15.5,34.98
"387",3,3,2,15,28.48,40.27
"388",3,3,3,12,14.15,49.75
"389",3,3,4,7,19.92,45
"390",3,3,5,86,9.19,33.69
"391",3,3,6,281,14.08,37.58
"392",3,3,7,755,11.97,38.17
"393",3,3,8,1881,13.16,36.02
"394",3,3,9,1337,14.36,34.42
"395",3,3,10,530,23.65,34.66
"396",3,3,11,519,18.32,34
"397",3,3,12,570,18.38,36
"398",3,3,13,514,29.87,36.48
"399",3,3,14,497,19.19,36.32
"400",3,3,15,643,15.74,37.61
"401",3,3,16,1110,13.56,38.56
"402",3,3,17,2080,15.94,37.22
"403",3,3,18,1657,20.07,34.61
"404",3,3,19,1047,12.84,32.99
"405",3,3,20,602,12.23,33.01
"406",3,3,21,452,11.73,33.02
"407",3,3,22,291,13.53,31.95
"408",3,3,23,135,12.27,32.04
"409",3,4,0,59,395.04,34.2
"410",3,4,1,45,17.47,34.91
"411",3,4,2,25,16.93,34.4
"412",3,4,3,4,31.92,37.25
"413",3,4,4,13,16.17,37.62
"414",3,4,5,69,8.99,33.58
"415",3,4,6,262,10.3,37.94
"416",3,4,7,823,11.42,37.85
"417",3,4,8,1845,17.05,36.13
"418",3,4,9,1390,17.68,34.86
"419",3,4,10,640,17.46,35.52
"420",3,4,11,528,13.88,35.13
"421",3,4,12,606,13.39,36.39
"422",3,4,13,591,17.55,36.48
"423",3,4,14,544,15.75,35.97
"424",3,4,15,654,27.23,37.67
"425",3,4,16,1160,12.51,38.62
"426",3,4,17,2172,21.58,37.27
"427",3,4,18,1539,17.27,34.42
"428",3,4,19,988,13.08,32.12
"429",3,4,20,633,13.03,32.81
"430",3,4,21,434,13.9,32.95
"431",3,4,22,264,11.51,33.41
"432",3,4,23,179,22.27,33.74
"433",3,5,0,81,12.56,32.16
"434",3,5,1,38,24.43,32.13
"435",3,5,2,23,20.83,36.39
"436",3,5,3,9,18.76,41.67
"437",3,5,4,10,33.02,41.4
"438",3,5,5,79,8.49,34.77
"439",3,5,6,251,9.8,37.86
"440",3,5,7,857,21.43,37.69
"441",3,5,8,2020,17.35,36.26
"442",3,5,9,1410,14.09,34.69
"443",3,5,10,649,18.1,35.35
"444",3,5,11,630,16.81,35.99
"445",3,5,12,632,14.87,36.47
"446",3,5,13,630,13.16,36.56
"447",3,5,14,575,13.58,36.52
"448",3,5,15,714,17.6,38.7
"449",3,5,16,1307,21.47,38.72
"450",3,5,17,2190,13.77,37.62
"451",3,5,18,1696,17.4,34.92
"452",3,5,19,1084,19.25,33.92
"453",3,5,20,684,16.67,32.82
"454",3,5,21,482,15.61,32.62
"455",3,5,22,317,11.66,32.13
"456",3,5,23,199,12.69,31.17
"457",3,6,0,117,12.86,32.76
"458",3,6,1,52,17.41,33.21
"459",3,6,2,34,14.49,34.74
"460",3,6,3,13,30.91,43.85
"461",3,6,4,16,12.58,42.31
"462",3,6,5,70,17.62,33.39
"463",3,6,6,248,10.48,37.83
"464",3,6,7,804,13.82,37.94
"465",3,6,8,1864,15.31,35.66
"466",3,6,9,1373,16.29,34.43
"467",3,6,10,698,15.65,34.72
"468",3,6,11,624,14.48,35.76
"469",3,6,12,716,18.23,36.04
"470",3,6,13,770,19.85,35.88
"471",3,6,14,691,15.36,37.15
"472",3,6,15,836,21.09,38
"473",3,6,16,1419,14.06,37.63
"474",3,6,17,2182,15.08,35.95
"475",3,6,18,1614,17.24,34.13
"476",3,6,19,968,15.32,33.1
"477",3,6,20,636,31.75,32.38
"478",3,6,21,473,18.79,32.91
"479",3,6,22,358,24.73,33.18
"480",3,6,23,254,83.78,32.81
"481",3,7,0,164,19.5,34.09
"482",3,7,1,142,19.14,34.01
"483",3,7,2,92,19.17,34.21
"484",3,7,3,49,35.91,36.61
"485",3,7,4,29,35.76,43.17
"486",3,7,5,27,21.44,39.33
"487",3,7,6,60,171.78,36.05
"488",3,7,7,133,49.3,33.54
"489",3,7,8,275,13.38,34.61
"490",3,7,9,452,24.46,33.65
"491",3,7,10,676,20.53,34.97
"492",3,7,11,820,31.78,34.76
"493",3,7,12,995,22.4,34.85
"494",3,7,13,1217,31.44,35.43
"495",3,7,14,1195,26.94,35.22
"496",3,7,15,1278,35.59,36.37
"497",3,7,16,1444,28.98,37.25
"498",3,7,17,1334,29.76,36.35
"499",3,7,18,1129,27.96,34.84
"500",3,7,19,826,27.44,34.12
"501",3,7,20,567,22.15,32.92
"502",3,7,21,394,16.95,32.77
"503",3,7,22,316,25.41,32.38
"504",3,7,23,226,15.18,32.85
"505",4,1,0,320,40.3,32.91
"506",4,1,1,341,24.85,34.22
"507",4,1,2,228,38.19,35.43
"508",4,1,3,79,44.03,39.41
"509",4,1,4,50,58.18,37.86
"510",4,1,5,39,24.02,39
"511",4,1,6,64,20.99,33.58
"512",4,1,7,169,15.69,37.86
"513",4,1,8,404,20.96,36.14
"514",4,1,9,776,19.76,34.78
"515",4,1,10,1178,21.65,35.22
"516",4,1,11,1484,38.2,36.02
"517",4,1,12,1704,28.63,36.66
"518",4,1,13,1927,101.77,36.32
"519",4,1,14,1849,58.35,36.83
"520",4,1,15,2059,29.58,36.4
"521",4,1,16,2171,32.43,36.54
"522",4,1,17,1942,36.54,36.08
"523",4,1,18,1711,25.37,35.23
"524",4,1,19,1143,28.33,34.54
"525",4,1,20,826,45.63,32.83
"526",4,1,21,501,38.29,32.95
"527",4,1,22,447,40.01,32.6
"528",4,1,23,318,20.39,31.9
"529",4,2,0,147,53.05,32.22
"530",4,2,1,100,16.06,32.57
"531",4,2,2,52,20.5,35.25
"532",4,2,3,27,30.26,39.19
"533",4,2,4,44,14.85,32.07
"534",4,2,5,111,11.19,31.92
"535",4,2,6,407,12.64,37.63
"536",4,2,7,1005,14.67,36.87
"537",4,2,8,2347,24.79,35.78
"538",4,2,9,1812,27.48,35.07
"539",4,2,10,1001,22.26,33.87
"540",4,2,11,967,16.38,35.16
"541",4,2,12,1170,42.25,35.29
"542",4,2,13,1146,46.3,36.03
"543",4,2,14,1048,28.53,36.2
"544",4,2,15,960,27.09,37.35
"545",4,2,16,1597,22.32,37.61
"546",4,2,17,2876,17.18,36.59
"547",4,2,18,2274,23.38,34.23
"548",4,2,19,1622,19.14,33.33
"549",4,2,20,974,17.83,33.35
"550",4,2,21,668,15.71,33.41
"551",4,2,22,434,14.16,34.43
"552",4,2,23,232,33.08,32.53
"553",4,3,0,107,24.3,33.66
"554",4,3,1,55,12.17,36.64
"555",4,3,2,33,20.78,32.94
"556",4,3,3,30,15.67,36.97
"557",4,3,4,17,12.11,34.76
"558",4,3,5,129,36.47,34.4
"559",4,3,6,432,19.06,36.56
"560",4,3,7,1295,12.91,37.2
"561",4,3,8,2914,15.87,35.34
"562",4,3,9,2055,17.83,34.06
"563",4,3,10,1054,57.32,34.48
"564",4,3,11,954,33.65,35.89
"565",4,3,12,1191,25.49,35.66
"566",4,3,13,1145,81.94,36.18
"567",4,3,14,1155,49.6,36.54
"568",4,3,15,1336,24,36.55
"569",4,3,16,2285,16.02,37.85
"570",4,3,17,4076,18.26,36.81
"571",4,3,18,3174,16.3,34.34
"572",4,3,19,1931,20.39,33.09
"573",4,3,20,1237,29.27,31.66
"574",4,3,21,901,18.8,31.93
"575",4,3,22,625,22.36,33.19
"576",4,3,23,297,13.88,32.94
"577",4,4,0,63,63.1,32.71
"578",4,4,1,47,15.9,32.94
"579",4,4,2,19,17.84,36.37
"580",4,4,3,16,16.99,47.25
"581",4,4,4,11,17.94,40.09
"582",4,4,5,102,9.54,32.86
"583",4,4,6,370,33.95,36.85
"584",4,4,7,1063,13.84,36.75
"585",4,4,8,2533,14.51,35.81
"586",4,4,9,1862,13.47,34.6
"587",4,4,10,927,13,34.53
"588",4,4,11,884,47.95,35.38
"589",4,4,12,1008,16.87,36.02
"590",4,4,13,1069,22.74,36.43
"591",4,4,14,1075,21.61,36.74
"592",4,4,15,1215,25.08,36.81
"593",4,4,16,2048,39.7,37.97
"594",4,4,17,3518,15.53,36.54
"595",4,4,18,2879,16.98,34.58
"596",4,4,19,1934,26.86,33.33
"597",4,4,20,1054,14.62,32.08
"598",4,4,21,773,24.89,32.27
"599",4,4,22,465,17.09,32.98
"600",4,4,23,283,13.22,31.96
"601",4,5,0,134,14.9,32.82
"602",4,5,1,80,33.92,34.61
"603",4,5,2,43,19.13,39.19
"604",4,5,3,23,15.77,32.43
"605",4,5,4,16,9.74,28.62
"606",4,5,5,108,9.71,34.16
"607",4,5,6,422,63.84,37.84
"608",4,5,7,1298,20.09,37.58
"609",4,5,8,2781,17.89,35.64
"610",4,5,9,1955,12.88,34.65
"611",4,5,10,944,33.45,34.49
"612",4,5,11,862,16.42,35.22
"613",4,5,12,1056,16.75,36.52
"614",4,5,13,1064,34.88,36.31
"615",4,5,14,1086,26.56,36.24
"616",4,5,15,1226,18.91,37.24
"617",4,5,16,2013,30.04,37.47
"618",4,5,17,3111,18.25,36.62
"619",4,5,18,2559,15.57,34.83
"620",4,5,19,1687,16.2,32.99
"621",4,5,20,1076,30.43,32.84
"622",4,5,21,802,36.23,32.92
"623",4,5,22,651,17.26,33.06
"624",4,5,23,379,18.26,32.67
"625",4,6,0,189,13.65,31.08
"626",4,6,1,128,26.9,32.43
"627",4,6,2,65,18.25,34.97
"628",4,6,3,48,14.41,40.9
"629",4,6,4,40,23.39,37.55
"630",4,6,5,88,15.47,34.08
"631",4,6,6,345,16.57,36.93
"632",4,6,7,989,11.86,36.9
"633",4,6,8,2104,15.77,35.28
"634",4,6,9,1592,13.83,34.2
"635",4,6,10,876,14.81,34.48
"636",4,6,11,900,18.29,35.3
"637",4,6,12,1111,15.57,36
"638",4,6,13,1168,29.15,35.59
"639",4,6,14,1238,17.77,35.7
"640",4,6,15,1321,18.22,36.55
"641",4,6,16,1826,18.01,37.16
"642",4,6,17,2462,19.65,36
"643",4,6,18,1885,16.15,34.13
"644",4,6,19,1261,53.05,33.27
"645",4,6,20,662,22.29,32.77
"646",4,6,21,463,18.36,32.99
"647",4,6,22,398,17.55,33.39
"648",4,6,23,261,81.13,32.15
"649",4,7,0,155,22.24,34.55
"650",4,7,1,99,37.51,32.25
"651",4,7,2,75,18.38,33.13
"652",4,7,3,36,32.1,34.56
"653",4,7,4,21,25.07,37.9
"654",4,7,5,23,16.62,36.13
"655",4,7,6,57,11.96,34.75
"656",4,7,7,157,11.22,31.94
"657",4,7,8,350,18.15,33.66
"658",4,7,9,633,13.79,34.43
"659",4,7,10,769,26.83,33.02
"660",4,7,11,1126,28.39,33.97
"661",4,7,12,1449,19.46,34.42
"662",4,7,13,1916,54.53,35.51
"663",4,7,14,2042,28.75,35.83
"664",4,7,15,2189,32.87,36.48
"665",4,7,16,2162,30.78,36.54
"666",4,7,17,2299,33.5,37.09
"667",4,7,18,1947,33.35,36.05
"668",4,7,19,1465,32.45,34.69
"669",4,7,20,945,22.51,34.88
"670",4,7,21,626,22.02,34.02
"671",4,7,22,549,21.73,34.28
"672",4,7,23,421,28.6,33.84
"673",5,1,0,397,50.15,34.04
"674",5,1,1,289,16.45,34.02
"675",5,1,2,217,18.44,33.81
"676",5,1,3,76,57.06,39.41
"677",5,1,4,44,857.7,33.45
"678",5,1,5,56,33.01,42.32
"679",5,1,6,119,17.53,37
"680",5,1,7,181,19.94,36.06
"681",5,1,8,388,22.71,34.51
"682",5,1,9,631,24.61,35.36
"683",5,1,10,998,51.16,35.46
"684",5,1,11,1124,29.83,35.82
"685",5,1,12,1093,24.6,35.08
"686",5,1,13,1349,49.76,35.4
"687",5,1,14,1487,34.78,35.48
"688",5,1,15,1545,43.81,36.54
"689",5,1,16,1764,30.88,36.92
"690",5,1,17,1970,27.35,36.19
"691",5,1,18,1810,26.5,35.79
"692",5,1,19,1512,30.52,34.7
"693",5,1,20,1079,30.43,34.43
"694",5,1,21,680,30.47,34.32
"695",5,1,22,567,29.36,33.98
"696",5,1,23,513,20.87,33.3
"697",5,2,0,253,41.41,34.58
"698",5,2,1,135,18.44,36.04
"699",5,2,2,85,18.47,36.61
"700",5,2,3,42,22.02,38.17
"701",5,2,4,33,31.29,33.58
"702",5,2,5,99,31.59,34.73
"703",5,2,6,462,22.15,38.84
"704",5,2,7,1211,20.41,37.14
"705",5,2,8,2677,17.85,35.92
"706",5,2,9,1869,35.2,35.33
"707",5,2,10,1168,40.68,36.08
"708",5,2,11,1323,28.12,36.99
"709",5,2,12,1652,35.31,36.87
"710",5,2,13,1613,37.93,36.45
"711",5,2,14,1739,26.36,37.06
"712",5,2,15,1999,30.97,38.09
"713",5,2,16,2588,31.27,37.72
"714",5,2,17,3616,18.82,36.35
"715",5,2,18,2408,20.67,34.3
"716",5,2,19,1960,19.23,33.73
"717",5,2,20,1272,26.41,33.43
"718",5,2,21,778,29.82,34.11
"719",5,2,22,504,32.69,32.87
"720",5,2,23,358,18.54,33.73
"721",5,3,0,177,63.05,33.16
"722",5,3,1,107,20.07,35.86
"723",5,3,2,52,24.42,38.54
"724",5,3,3,22,14.28,40.73
"725",5,3,4,31,14.22,33.84
"726",5,3,5,162,54.57,34.25
"727",5,3,6,614,15.85,38.24
"728",5,3,7,1671,18.81,37.26
"729",5,3,8,3268,14.68,35.6
"730",5,3,9,2055,21.39,34.72
"731",5,3,10,994,21.32,35.57
"732",5,3,11,976,22.21,35.09
"733",5,3,12,1251,32.71,35.59
"734",5,3,13,1002,22.65,35.79
"735",5,3,14,1093,17.85,36.7
"736",5,3,15,1175,24.25,37.24
"737",5,3,16,2110,27.62,37.41
"738",5,3,17,3276,16.6,36.32
"739",5,3,18,2691,15.77,34.2
"740",5,3,19,1561,16.73,32.93
"741",5,3,20,933,42.19,33.26
"742",5,3,21,672,26.77,32.51
"743",5,3,22,449,14.62,33.06
"744",5,3,23,301,16.9,31.76
"745",5,4,0,182,15.63,32
"746",5,4,1,118,24.01,34.47
"747",5,4,2,77,12.77,34.29
"748",5,4,3,30,39.74,39.03
"749",5,4,4,24,13.45,36.42
"750",5,4,5,206,9.38,34.27
"751",5,4,6,800,10.41,37.59
"752",5,4,7,2239,14.03,36.77
"753",5,4,8,4340,17,35.57
"754",5,4,9,2815,14.72,34.88
"755",5,4,10,1486,20.4,35.2
"756",5,4,11,1392,17.19,35.75
"757",5,4,12,1751,24.26,35.82
"758",5,4,13,1641,24.36,37.03
"759",5,4,14,1570,41.55,36.94
"760",5,4,15,1923,18.66,37.27
"761",5,4,16,2882,16.2,38.31
"762",5,4,17,5219,17.24,36.56
"763",5,4,18,4287,22.2,34.62
"764",5,4,19,3075,16.91,33.7
"765",5,4,20,1969,16.76,33.38
"766",5,4,21,1208,24.25,32.64
"767",5,4,22,851,16.66,33.53
"768",5,4,23,554,17.06,32.82
"769",5,5,0,234,16.92,31.85
"770",5,5,1,136,49.27,35.72
"771",5,5,2,77,18.08,37.45
"772",5,5,3,38,26.46,40.95
"773",5,5,4,23,108.45,36.7
"774",5,5,5,215,10.66,34.09
"775",5,5,6,755,12.08,38.24
"776",5,5,7,2207,14.35,36.99
"777",5,5,8,4222,22.75,35.31
"778",5,5,9,2914,16.81,34.98
"779",5,5,10,1484,34.51,35.17
"780",5,5,11,1425,38.23,35.93
"781",5,5,12,1665,17.18,35.4
"782",5,5,13,1723,34.03,36.6
"783",5,5,14,1568,27.95,36.34
"784",5,5,15,1777,38.12,37.21
"785",5,5,16,3008,16.74,37.47
"786",5,5,17,4977,15.82,36.01
"787",5,5,18,3915,21.38,34.42
"788",5,5,19,2722,20.46,33.47
"789",5,5,20,1791,17.59,33.21
"790",5,5,21,1230,18.35,32.65
"791",5,5,22,818,16.24,32.68
"792",5,5,23,525,32.08,33.44
"793",5,6,0,245,16.04,33.21
"794",5,6,1,152,20.54,32.01
"795",5,6,2,81,18.97,33.63
"796",5,6,3,39,22.34,37.9
"797",5,6,4,47,20.1,38.85
"798",5,6,5,138,131.05,35.09
"799",5,6,6,697,30.89,37.86
"800",5,6,7,1833,13.21,37.57
"801",5,6,8,3760,16.11,35.42
"802",5,6,9,2538,27.43,34.66
"803",5,6,10,1364,55.25,35.31
"804",5,6,11,1449,41.13,36.06
"805",5,6,12,1707,26.26,36.11
"806",5,6,13,1821,39.23,36.42
"807",5,6,14,1666,27.1,36.21
"808",5,6,15,1792,29.96,35.99
"809",5,6,16,2622,17.66,36.41
"810",5,6,17,3901,15.58,35.59
"811",5,6,18,3300,18.09,34.08
"812",5,6,19,2488,17.97,33.53
"813",5,6,20,1729,26.24,32.85
"814",5,6,21,1246,44.18,32.93
"815",5,6,22,975,18.93,34.19
"816",5,6,23,733,45.32,33.61
"817",5,7,0,370,27.64,33.49
"818",5,7,1,334,19.44,33.84
"819",5,7,2,246,24.86,35.33
"820",5,7,3,75,23.83,37.37
"821",5,7,4,48,24.38,40.08
"822",5,7,5,56,826.35,36.8
"823",5,7,6,109,66.88,37.1
"824",5,7,7,248,17.99,33.58
"825",5,7,8,551,18.08,34.68
"826",5,7,9,910,28.23,34.75
"827",5,7,10,1419,18.87,34.86
"828",5,7,11,1840,24.1,35.68
"829",5,7,12,2233,26.25,35.59
"830",5,7,13,2628,28.25,36.13
"831",5,7,14,2649,32.86,36.49
"832",5,7,15,2863,34.1,36.52
"833",5,7,16,2782,33.8,36.79
"834",5,7,17,2556,29.62,36.87
"835",5,7,18,2503,29.66,36.46
"836",5,7,19,2099,28.95,35.79
"837",5,7,20,1293,23.31,34.84
"838",5,7,21,953,22.85,34.93
"839",5,7,22,811,44.45,34.06
"840",5,7,23,658,27.84,33.73
"841",6,1,0,747,19.8,33.23
"842",6,1,1,635,21.34,34.9
"843",6,1,2,534,28.6,35.45
"844",6,1,3,174,42.07,39
"845",6,1,4,55,197.2,38.09
"846",6,1,5,87,15.12,34.11
"847",6,1,6,164,27.7,37.23
"848",6,1,7,381,22.04,35.54
"849",6,1,8,648,16.22,34.81
"850",6,1,9,1334,25.71,35.11
"851",6,1,10,1996,22.28,35.32
"852",6,1,11,2076,27.46,35.45
"853",6,1,12,2715,29.04,35.17
"854",6,1,13,3105,38.65,35.74
"855",6,1,14,3081,25.7,35.1
"856",6,1,15,2679,32.03,35.7
"857",6,1,16,2759,36.43,35.66
"858",6,1,17,2998,25.54,34.72
"859",6,1,18,2975,30,34.85
"860",6,1,19,2328,24.45,34.03
"861",6,1,20,1885,29.42,34.47
"862",6,1,21,1335,47.32,33.18
"863",6,1,22,847,28.6,33.61
"864",6,1,23,597,31.62,33.16
"865",6,2,0,224,71.86,31.81
"866",6,2,1,106,17.19,33.78
"867",6,2,2,65,29.01,35.72
"868",6,2,3,30,158.26,36.7
"869",6,2,4,46,20.7,33.67
"870",6,2,5,193,23.73,33.51
"871",6,2,6,753,12.36,36.99
"872",6,2,7,2144,15.03,36.36
"873",6,2,8,4241,17.95,34.79
"874",6,2,9,2793,15.6,34.47
"875",6,2,10,1280,22.74,35.01
"876",6,2,11,1414,32.35,37
"877",6,2,12,1642,28.6,36.39
"878",6,2,13,1623,56.6,36.79
"879",6,2,14,1508,28.23,37.89
"880",6,2,15,1934,42.41,37.2
"881",6,2,16,3135,23.97,37.14
"882",6,2,17,5444,20.86,34.98
"883",6,2,18,4408,19.1,33.56
"884",6,2,19,2978,20.56,33.12
"885",6,2,20,2118,24.41,32.68
"886",6,2,21,1450,25.42,32.4
"887",6,2,22,823,20.68,32.87
"888",6,2,23,497,21.54,33.9
"889",6,3,0,200,24.95,33.16
"890",6,3,1,88,28.85,33.43
"891",6,3,2,60,40.59,40.62
"892",6,3,3,32,31.69,42.47
"893",6,3,4,34,15.16,36.76
"894",6,3,5,214,11.84,32.99
"895",6,3,6,706,15.64,36.36
"896",6,3,7,2009,26.96,36.26
"897",6,3,8,3879,30.24,34.29
"898",6,3,9,2473,19.49,33.74
"899",6,3,10,1219,22.32,35.37
"900",6,3,11,1051,17.49,35.91
"901",6,3,12,1268,41.06,35.83
"902",6,3,13,1207,66.71,36.29
"903",6,3,14,966,20.24,36.07
"904",6,3,15,1223,66.5,36.55
"905",6,3,16,2370,36.23,36.41
"906",6,3,17,4470,16.64,35.16
"907",6,3,18,3947,21.54,33.79
"908",6,3,19,2828,18.79,33.03
"909",6,3,20,1722,18.97,32.75
"910",6,3,21,1197,28.13,32.27
"911",6,3,22,823,31.8,31.97
"912",6,3,23,497,30.24,33.67
"913",6,4,0,217,24.02,32.73
"914",6,4,1,110,19.9,31.22
"915",6,4,2,45,18.7,34.51
"916",6,4,3,27,28.06,46.37
"917",6,4,4,33,14.12,33.18
"918",6,4,5,258,11.64,32.41
"919",6,4,6,893,14.06,36.54
"920",6,4,7,2323,22.86,36.09
"921",6,4,8,4704,15.43,34.48
"922",6,4,9,3010,17.41,33.76
"923",6,4,10,1391,38.6,35.03
"924",6,4,11,1368,48.13,36.6
"925",6,4,12,1641,26.93,36.31
"926",6,4,13,1706,32.33,36.05
"927",6,4,14,1567,25.07,36.51
"928",6,4,15,2004,23.14,37.05
"929",6,4,16,3357,18.81,36.98
"930",6,4,17,5829,16.8,35.01
"931",6,4,18,4758,18.7,34.15
"932",6,4,19,3667,19,33.91
"933",6,4,20,2458,23.6,33.33
"934",6,4,21,1509,20.69,32.57
"935",6,4,22,1071,34.21,32.55
"936",6,4,23,784,19.44,33.14
"937",6,5,0,286,123.37,32.75
"938",6,5,1,135,75.08,35.7
"939",6,5,2,59,43.19,37.69
"940",6,5,3,35,14.15,40.83
"941",6,5,4,36,18.49,33.53
"942",6,5,5,246,42.31,31.61
"943",6,5,6,702,16.19,36.88
"944",6,5,7,1640,20.59,35.78
"945",6,5,8,3502,14.66,33.84
"946",6,5,9,2465,14.93,33
"947",6,5,10,1082,40.73,34.97
"948",6,5,11,834,24.27,35.61
"949",6,5,12,1074,38.43,35.24
"950",6,5,13,1050,75.44,35.74
"951",6,5,14,1023,26.75,35.54
"952",6,5,15,1365,58.41,35.97
"953",6,5,16,2428,16.11,36.55
"954",6,5,17,4097,24.65,34.78
"955",6,5,18,3649,20.89,33.96
"956",6,5,19,2737,20.55,33.26
"957",6,5,20,1900,33.97,32.74
"958",6,5,21,1378,19.08,32.22
"959",6,5,22,988,20.83,32.41
"960",6,5,23,614,41.02,33.07
"961",6,6,0,346,21.21,33.72
"962",6,6,1,195,78.5,34.73
"963",6,6,2,117,24.87,36.27
"964",6,6,3,45,29.84,37.89
"965",6,6,4,43,19.78,36.91
"966",6,6,5,179,13.38,32.64
"967",6,6,6,640,37.58,36.07
"968",6,6,7,1785,25.08,35.85
"969",6,6,8,3893,21.95,33.9
"970",6,6,9,2770,15.53,33.43
"971",6,6,10,1506,21.41,34.96
"972",6,6,11,1367,35.5,35.88
"973",6,6,12,1960,32.39,36.66
"974",6,6,13,2056,35.09,36.51
"975",6,6,14,1999,23.34,36.2
"976",6,6,15,2312,34.1,36.77
"977",6,6,16,3271,36.98,36.44
"978",6,6,17,4434,21.18,35.07
"979",6,6,18,3656,28.7,33.65
"980",6,6,19,2733,25.77,33.53
"981",6,6,20,2146,22.1,33.35
"982",6,6,21,1527,27.46,33.06
"983",6,6,22,1203,68.75,33.21
"984",6,6,23,906,19.09,33.57
"985",6,7,0,719,23.98,33.56
"986",6,7,1,554,22.8,32.51
"987",6,7,2,425,67.45,34.76
"988",6,7,3,159,33.13,36.15
"989",6,7,4,89,36.26,38
"990",6,7,5,103,18.72,36.25
"991",6,7,6,171,16.57,34.27
"992",6,7,7,401,19.66,34.36
"993",6,7,8,859,17.24,34.45
"994",6,7,9,1471,28.38,34.95
"995",6,7,10,2081,36.86,35.1
"996",6,7,11,2755,39.87,35.29
"997",6,7,12,3456,27.27,35.54
"998",6,7,13,3501,44.63,35.59
"999",6,7,14,3799,29.35,35.96
"1000",6,7,15,3741,34.23,35.93
"1001",6,7,16,2967,36.37,35.96
"1002",6,7,17,3325,36.57,35.77
"1003",6,7,18,3349,26.07,35.18
"1004",6,7,19,2975,41.28,34.87
"1005",6,7,20,2457,29.05,34.99
"1006",6,7,21,1671,32.42,34.41
"1007",6,7,22,1353,22.02,34.04
"1008",6,7,23,1034,28.87,33.92
"1009",7,1,0,676,22.71,34.32
"1010",7,1,1,590,50.88,33.25
"1011",7,1,2,475,26.99,35.54
"1012",7,1,3,149,54.69,36.72
"1013",7,1,4,59,262.36,34.8
"1014",7,1,5,81,69.83,34.46
"1015",7,1,6,161,22.06,36.37
"1016",7,1,7,316,84.28,34.91
"1017",7,1,8,665,29.34,33.9
"1018",7,1,9,1189,21.82,34.8
"1019",7,1,10,1761,20.95,34.62
"1020",7,1,11,2019,43.11,35.28
"1021",7,1,12,2351,27,35.19
"1022",7,1,13,2686,28.76,35.55
"1023",7,1,14,2731,35.35,35.78
"1024",7,1,15,2798,27.99,35.16
"1025",7,1,16,2696,33.92,35.42
"1026",7,1,17,2754,41.28,34.38
"1027",7,1,18,2738,30.42,34.43
"1028",7,1,19,2455,26.54,34.09
"1029",7,1,20,2363,26.73,33.92
"1030",7,1,21,1594,56.31,33.5
"1031",7,1,22,1102,37.9,32.92
"1032",7,1,23,738,22.71,33.38
"1033",7,2,0,414,25.2,31.91
"1034",7,2,1,249,24.22,34.43
"1035",7,2,2,125,296.21,33.78
"1036",7,2,3,61,232.41,34.87
"1037",7,2,4,58,48.68,37.22
"1038",7,2,5,343,19.76,33.06
"1039",7,2,6,1094,16.4,35.85
"1040",7,2,7,3006,25.28,35.27
"1041",7,2,8,5750,16.29,33.33
"1042",7,2,9,3801,20.04,33.45
"1043",7,2,10,1810,57.44,35.01
"1044",7,2,11,1724,63.04,35.88
"1045",7,2,12,2337,21.76,36.15
"1046",7,2,13,2066,111.7,36.2
"1047",7,2,14,1918,54.12,36.73
"1048",7,2,15,2423,31.81,36.39
"1049",7,2,16,4142,21.07,36.3
"1050",7,2,17,7193,21.92,33.97
"1051",7,2,18,5873,17.31,32.7
"1052",7,2,19,3993,38.09,32.57
"1053",7,2,20,2692,21.7,32.14
"1054",7,2,21,1801,60.35,32.54
"1055",7,2,22,1011,18.9,31.8
"1056",7,2,23,615,24.94,32.9
"1057",7,3,0,301,24.44,31.67
"1058",7,3,1,144,29.04,32.71
"1059",7,3,2,86,23.96,34.52
"1060",7,3,3,56,377.95,33.29
"1061",7,3,4,55,15.4,33.09
"1062",7,3,5,323,24.03,31.64
"1063",7,3,6,1064,14.64,34.97
"1064",7,3,7,2724,17.85,35.55
"1065",7,3,8,5354,14.42,33.35
"1066",7,3,9,3351,18.01,33.08
"1067",7,3,10,1601,42.33,34.58
"1068",7,3,11,1435,37.92,35.06
"1069",7,3,12,2089,27.56,35.1
"1070",7,3,13,1975,74.52,35.87
"1071",7,3,14,1960,39.55,36.01
"1072",7,3,15,2467,28.57,36.25
"1073",7,3,16,4164,26.7,36.06
"1074",7,3,17,7388,16.93,34.26
"1075",7,3,18,5988,17.3,32.89
"1076",7,3,19,4348,40.68,32.68
"1077",7,3,20,3219,50.39,32.38
"1078",7,3,21,2260,32.73,32.01
"1079",7,3,22,1568,19.36,32.01
"1080",7,3,23,956,22.59,32.02
"1081",7,4,0,457,20.76,32.22
"1082",7,4,1,209,28.66,32.04
"1083",7,4,2,139,107.09,35.65
"1084",7,4,3,39,35.88,38.92
"1085",7,4,4,66,19.78,33.79
"1086",7,4,5,416,105.61,31.7
"1087",7,4,6,1166,27.04,35.72
"1088",7,4,7,3097,17.53,35.25
"1089",7,4,8,6050,17.32,33.3
"1090",7,4,9,3973,18.54,32.95
"1091",7,4,10,1974,31.24,34.71
"1092",7,4,11,1778,32.21,35.25
"1093",7,4,12,2240,24.07,34.98
"1094",7,4,13,2270,81.99,35.59
"1095",7,4,14,2189,22.67,36.21
"1096",7,4,15,2539,23.39,35.78
"1097",7,4,16,3551,25.98,36.18
"1098",7,4,17,5771,17.96,34.08
"1099",7,4,18,4906,31.92,33.05
"1100",7,4,19,3806,18.42,32.5
"1101",7,4,20,2794,20.37,32.33
"1102",7,4,21,2085,23.72,31.89
"1103",7,4,22,1437,32.53,32.76
"1104",7,4,23,878,19.79,32.93
"1105",7,5,0,380,21.27,32.5
"1106",7,5,1,174,25.9,31.55
"1107",7,5,2,128,28.34,32.99
"1108",7,5,3,74,40.06,33.66
"1109",7,5,4,51,23.88,33.71
"1110",7,5,5,250,11.59,32.02
"1111",7,5,6,712,17.67,35.85
"1112",7,5,7,1958,15.59,35.09
"1113",7,5,8,3145,23.11,33.67
"1114",7,5,9,2493,27.41,33
"1115",7,5,10,1453,43.77,34.54
"1116",7,5,11,1557,32.9,34.85
"1117",7,5,12,1965,40.88,35.07
"1118",7,5,13,2106,57.58,35.11
"1119",7,5,14,2004,23.76,35.58
"1120",7,5,15,2333,37.46,35.89
"1121",7,5,16,3398,23.3,36.31
"1122",7,5,17,5376,23.34,34.36
"1123",7,5,18,4497,23.51,33.47
"1124",7,5,19,3497,21.23,32.75
"1125",7,5,20,2792,31.97,32.6
"1126",7,5,21,2051,25.54,32.28
"1127",7,5,22,1423,24.61,32.56
"1128",7,5,23,1818,43.2,33.37
"1129",7,6,0,684,29.15,31.93
"1130",7,6,1,255,24.96,33.43
"1131",7,6,2,120,30.7,33.68
"1132",7,6,3,59,26.98,33.83
"1133",7,6,4,48,21.35,32.65
"1134",7,6,5,187,19.57,30.96
"1135",7,6,6,546,13.18,34.9
"1136",7,6,7,1509,14.44,35.15
"1137",7,6,8,3363,13.34,33.18
"1138",7,6,9,2460,23.84,32.69
"1139",7,6,10,1431,20.75,34.42
"1140",7,6,11,1531,67.44,35.75
"1141",7,6,12,2089,30.57,35.29
"1142",7,6,13,2054,46.2,35.98
"1143",7,6,14,2101,23.06,35.59
"1144",7,6,15,2572,36.9,35.62
"1145",7,6,16,3083,21.36,35
"1146",7,6,17,4137,18.76,34.19
"1147",7,6,18,3379,22.89,33.23
"1148",7,6,19,2826,24.31,32.65
"1149",7,6,20,2417,22.89,32.98
"1150",7,6,21,1623,25.91,32.84
"1151",7,6,22,1299,47.82,32.43
"1152",7,6,23,976,27.84,33.55
"1153",7,7,0,665,21.08,32.58
"1154",7,7,1,440,20.21,33.37
"1155",7,7,2,381,33.03,35.19
"1156",7,7,3,157,27.94,34
"1157",7,7,4,58,27.83,37.26
"1158",7,7,5,114,19.03,34.03
"1159",7,7,6,172,14.23,32.22
"1160",7,7,7,414,14.73,33.9
"1161",7,7,8,812,14.61,33.57
"1162",7,7,9,1237,27.08,33.6
"1163",7,7,10,1770,21.81,34.4
"1164",7,7,11,2135,24.41,34.47
"1165",7,7,12,2474,52.1,34.75
"1166",7,7,13,2530,28.1,35.58
"1167",7,7,14,2495,29.03,34.91
"1168",7,7,15,2494,27.37,35.82
"1169",7,7,16,2535,30.08,35.16
"1170",7,7,17,2174,32.59,34.98
"1171",7,7,18,1947,24.7,34.69
"1172",7,7,19,1892,29.98,33.81
"1173",7,7,20,1758,26.27,33.86
"1174",7,7,21,1494,24.31,33.86
"1175",7,7,22,1106,27.68,33.09
"1176",7,7,23,974,22.21,33.75
"1177",8,1,0,729,23.7,32.42
"1178",8,1,1,576,25.64,33.96
"1179",8,1,2,449,23.26,35.14
"1180",8,1,3,162,56.28,36.38
"1181",8,1,4,60,23.02,33.25
"1182",8,1,5,66,54.49,36.18
"1183",8,1,6,152,53.83,35.57
"1184",8,1,7,323,22.35,33.86
"1185",8,1,8,705,18.8,34.31
"1186",8,1,9,1253,21.22,34.36
"1187",8,1,10,1776,31.01,34.79
"1188",8,1,11,2257,24.33,34.74
"1189",8,1,12,2685,23.96,35.04
"1190",8,1,13,2887,26.06,34.92
"1191",8,1,14,2882,29.89,35.22
"1192",8,1,15,3125,29.44,35.46
"1193",8,1,16,3186,29.53,34.93
"1194",8,1,17,3082,33.58,35.09
"1195",8,1,18,3079,28.06,34.29
"1196",8,1,19,2629,33.43,33.86
"1197",8,1,20,1980,34.62,33.43
"1198",8,1,21,1333,22.19,33.03
"1199",8,1,22,867,23.77,32.33
"1200",8,1,23,579,22.15,32.34
"1201",8,2,0,264,22.37,33.01
"1202",8,2,1,160,23.41,34.07
"1203",8,2,2,56,15.19,35.43
"1204",8,2,3,51,20.91,40.1
"1205",8,2,4,52,12.82,33.04
"1206",8,2,5,274,11.46,31.44
"1207",8,2,6,897,12.45,36.73
"1208",8,2,7,2381,15.04,35.12
"1209",8,2,8,4617,17.23,33.93
"1210",8,2,9,2916,25.42,33.96
"1211",8,2,10,1461,47.64,34.9
"1212",8,2,11,1450,25.02,36.36
"1213",8,2,12,1911,25.62,36.37
"1214",8,2,13,1813,46.89,35.88
"1215",8,2,14,1738,41.94,36.56
"1216",8,2,15,2050,22.49,36.55
"1217",8,2,16,3409,23.54,36.16
"1218",8,2,17,5456,17.98,34.48
"1219",8,2,18,4713,17.87,33.05
"1220",8,2,19,3435,19.51,32.56
"1221",8,2,20,2397,20.86,32.34
"1222",8,2,21,1567,32.58,32.41
"1223",8,2,22,1010,18.62,31.1
"1224",8,2,23,532,22.48,32
"1225",8,3,0,238,18.92,32.11
"1226",8,3,1,111,27.11,34.23
"1227",8,3,2,61,21.54,37.98
"1228",8,3,3,51,111.75,40.69
"1229",8,3,4,73,17.69,33.23
"1230",8,3,5,275,29.83,31.35
"1231",8,3,6,1049,30.86,35.2
"1232",8,3,7,2691,20.41,35.38
"1233",8,3,8,4980,22.5,33.88
"1234",8,3,9,3102,17.54,33.83
"1235",8,3,10,1518,21.65,34.5
"1236",8,3,11,1482,37.48,36.05
"1237",8,3,12,1832,25.36,35.83
"1238",8,3,13,1717,56.17,35.75
"1239",8,3,14,1752,36.52,35.92
"1240",8,3,15,2057,19.93,36.22
"1241",8,3,16,3550,18.13,36.51
"1242",8,3,17,5883,19,34.51
"1243",8,3,18,5149,19.55,33.26
"1244",8,3,19,3756,24.64,32.47
"1245",8,3,20,2507,22.63,32.37
"1246",8,3,21,1663,18.14,31.77
"1247",8,3,22,1091,18.64,32.26
"1248",8,3,23,628,22.62,32.81
"1249",8,4,0,284,26.03,31.18
"1250",8,4,1,168,22.03,34.2
"1251",8,4,2,74,26.51,37.5
"1252",8,4,3,44,32.06,38.89
"1253",8,4,4,71,27.06,34.51
"1254",8,4,5,282,18.75,31.27
"1255",8,4,6,1026,12.86,35.84
"1256",8,4,7,2706,14.35,35.44
"1257",8,4,8,5104,15.39,33.83
"1258",8,4,9,3137,19.42,33.7
"1259",8,4,10,1600,24.05,35.31
"1260",8,4,11,1584,35.93,35.28
"1261",8,4,12,1854,19.31,35.35
"1262",8,4,13,1792,27.31,35.64
"1263",8,4,14,1529,46.63,36.13
"1264",8,4,15,1942,20.01,36.15
"1265",8,4,16,2479,26.07,36.32
"1266",8,4,17,3837,17.01,34.4
"1267",8,4,18,3781,18.91,33.31
"1268",8,4,19,2733,17.75,32.32
"1269",8,4,20,1777,43.28,32.47
"1270",8,4,21,1338,26.29,31.88
"1271",8,4,22,876,37.14,32.64
"1272",8,4,23,442,18.21,32.37
"1273",8,5,0,251,19.58,31.92
"1274",8,5,1,112,23.49,33.95
"1275",8,5,2,85,101.85,36.41
"1276",8,5,3,48,359.98,36.54
"1277",8,5,4,96,18.7,32.28
"1278",8,5,5,311,66.16,31.37
"1279",8,5,6,1139,16.11,35.98
"1280",8,5,7,3091,26.06,35.39
"1281",8,5,8,6085,13.62,33.78
"1282",8,5,9,4042,16.9,33.66
"1283",8,5,10,2026,18.34,34.21
"1284",8,5,11,1961,32.61,35.39
"1285",8,5,12,2510,20.62,34.83
"1286",8,5,13,2332,74.13,35.33
"1287",8,5,14,2239,24.5,35.83
"1288",8,5,15,2731,19.47,36.04
"1289",8,5,16,4451,21.04,36.3
"1290",8,5,17,7230,18.15,34.63
"1291",8,5,18,6368,17.51,33.55
"1292",8,5,19,4621,18.12,33.08
"1293",8,5,20,3466,21.61,32.46
"1294",8,5,21,2394,21.02,32.68
"1295",8,5,22,1745,21.32,33.26
"1296",8,5,23,1035,19.19,32.27
"1297",8,6,0,547,20.81,32.77
"1298",8,6,1,285,23.04,32.87
"1299",8,6,2,181,22.02,34.23
"1300",8,6,3,83,28.82,38.87
"1301",8,6,4,66,33,34.32
"1302",8,6,5,310,22.34,31.78
"1303",8,6,6,930,12.46,35.75
"1304",8,6,7,2359,19.6,35.02
"1305",8,6,8,5215,25.73,33.52
"1306",8,6,9,3767,14,33.19
"1307",8,6,10,2140,17.12,34.58
"1308",8,6,11,2133,31.93,35.25
"1309",8,6,12,2861,24.73,35.33
"1310",8,6,13,3018,29.86,35.51
"1311",8,6,14,3068,22.58,35.63
"1312",8,6,15,3756,30.89,35.69
"1313",8,6,16,4998,22.94,35.55
"1314",8,6,17,6054,19.04,34.32
"1315",8,6,18,4925,20.85,33.53
"1316",8,6,19,3868,25.15,33.59
"1317",8,6,20,2849,33.82,33.16
"1318",8,6,21,1987,41.26,32.7
"1319",8,6,22,1679,21.04,33.51
"1320",8,6,23,1247,37.48,33.09
"1321",8,7,0,896,98.36,32.93
"1322",8,7,1,675,28.42,33.33
"1323",8,7,2,545,25.71,33.95
"1324",8,7,3,198,38.89,33.82
"1325",8,7,4,93,35.67,34.6
"1326",8,7,5,96,22.81,35.39
"1327",8,7,6,242,22.58,32.22
"1328",8,7,7,573,35.1,33.28
"1329",8,7,8,1144,38.77,34.06
"1330",8,7,9,1787,21.99,33.65
"1331",8,7,10,2320,21,33.92
"1332",8,7,11,3061,23.44,34.78
"1333",8,7,12,3387,30.65,34.14
"1334",8,7,13,3694,44.55,35.56
"1335",8,7,14,3834,34.88,35.73
"1336",8,7,15,3953,35.79,35.54
"1337",8,7,16,4039,28.67,35.48
"1338",8,7,17,3946,33.04,35.07
"1339",8,7,18,3836,28,34.19
"1340",8,7,19,3496,27.93,33.78
"1341",8,7,20,2797,27.28,33.7
"1342",8,7,21,2013,27.45,33.04
"1343",8,7,22,1626,25.63,34.1
"1344",8,7,23,1321,22.41,33.14
"1345",9,1,0,960,19.25,31.5
"1346",9,1,1,779,24.43,32.79
"1347",9,1,2,626,23.32,33.62
"1348",9,1,3,181,26.24,33.62
"1349",9,1,4,75,43.01,36.8
"1350",9,1,5,83,383.63,32.2
"1351",9,1,6,173,17.86,34.31
"1352",9,1,7,385,83.21,34.04
"1353",9,1,8,1004,20,33.89
"1354",9,1,9,1871,43.51,33.12
"1355",9,1,10,2670,20.02,33.33
"1356",9,1,11,3425,30.3,34.15
"1357",9,1,12,4255,37.43,34.6
"1358",9,1,13,4528,35.39,34.9
"1359",9,1,14,4297,33.37,34.74
"1360",9,1,15,4523,29.49,35.12
"1361",9,1,16,4511,38.08,34.68
"1362",9,1,17,4888,33.13,33.9
"1363",9,1,18,4623,23.77,33.28
"1364",9,1,19,3633,41.48,32.92
"1365",9,1,20,2308,20.36,31.28
"1366",9,1,21,1663,65,31.41
"1367",9,1,22,1267,30.55,31.74
"1368",9,1,23,883,19.4,33.05
"1369",9,2,0,480,36.29,30.75
"1370",9,2,1,281,83.94,34.98
"1371",9,2,2,149,24.72,34.3
"1372",9,2,3,47,18.3,35.87
"1373",9,2,4,63,39.18,37.81
"1374",9,2,5,297,18.81,32.56
"1375",9,2,6,1042,13.45,36.04
"1376",9,2,7,3029,16.48,34.87
"1377",9,2,8,5846,25.55,33.91
"1378",9,2,9,3712,30.28,33.44
"1379",9,2,10,2293,29.77,33.93
"1380",9,2,11,2362,36.88,33.96
"1381",9,2,12,2884,41.06,34.2
"1382",9,2,13,2857,36.19,34.88
"1383",9,2,14,2857,33.71,34.17
"1384",9,2,15,3384,39.59,35.4
"1385",9,2,16,4519,18.62,34.8
"1386",9,2,17,6817,19.37,34.22
"1387",9,2,18,5839,18.34,32.74
"1388",9,2,19,3633,18.78,31.51
"1389",9,2,20,2382,15.66,30.91
"1390",9,2,21,1750,24.75,31.45
"1391",9,2,22,1127,20.55,30.85
"1392",9,2,23,634,17.08,31.08
"1393",9,3,0,209,32.92,30.5
"1394",9,3,1,123,63.97,32.59
"1395",9,3,2,85,21.29,37.33
"1396",9,3,3,36,34.88,39.89
"1397",9,3,4,59,59.94,35.86
"1398",9,3,5,301,11.58,31.37
"1399",9,3,6,1114,10.84,35.36
"1400",9,3,7,2980,31.89,35.07
"1401",9,3,8,5758,16.16,34.03
"1402",9,3,9,3549,22.69,33.47
"1403",9,3,10,1909,16.69,34.2
"1404",9,3,11,1850,19.16,34.29
"1405",9,3,12,2194,22.83,34.16
"1406",9,3,13,2155,82.92,34.93
"1407",9,3,14,2197,18.87,34.11
"1408",9,3,15,2622,16.25,34.36
"1409",9,3,16,4058,25.48,35.62
"1410",9,3,17,6770,17.41,34.3
"1411",9,3,18,5808,17.16,32.95
"1412",9,3,19,3657,16.22,31.66
"1413",9,3,20,2202,15.26,31.12
"1414",9,3,21,1748,64.43,31.64
"1415",9,3,22,1182,35.38,30.8
"1416",9,3,23,742,16.53,31.36
"1417",9,4,0,292,18.62,30.72
"1418",9,4,1,151,103.46,34.53
"1419",9,4,2,64,31.72,36.73
"1420",9,4,3,43,23.86,35.12
"1421",9,4,4,50,13.52,34.5
"1422",9,4,5,297,14.35,31.34
"1423",9,4,6,1136,12.31,35.85
"1424",9,4,7,3289,22.18,34.8
"1425",9,4,8,5961,18.54,33.88
"1426",9,4,9,3572,14.08,33.24
"1427",9,4,10,1824,75.52,33.22
"1428",9,4,11,1843,35.35,34.51
"1429",9,4,12,2212,19.7,34.11
"1430",9,4,13,2095,62.21,34.15
"1431",9,4,14,2078,18.74,33.8
"1432",9,4,15,2355,36.02,35.03
"1433",9,4,16,4153,23.23,35.7
"1434",9,4,17,6402,23.05,34.02
"1435",9,4,18,5178,17.16,32.56
"1436",9,4,19,3461,20.17,31.75
"1437",9,4,20,2213,18.08,30.96
"1438",9,4,21,1759,21.27,30.72
"1439",9,4,22,1194,16.14,30.99
"1440",9,4,23,691,17.88,32.29
"1441",9,5,0,286,17.31,30.93
"1442",9,5,1,164,21.39,33.73
"1443",9,5,2,72,21.41,34.71
"1444",9,5,3,40,106.66,37.58
"1445",9,5,4,39,16.71,36.13
"1446",9,5,5,268,12.89,32.16
"1447",9,5,6,1062,28.01,35.26
"1448",9,5,7,3197,14.84,34.92
"1449",9,5,8,5144,14.59,33.8
"1450",9,5,9,3304,14.14,33.62
"1451",9,5,10,1733,14.75,33.37
"1452",9,5,11,1669,33,33.39
"1453",9,5,12,2163,16.33,33.38
"1454",9,5,13,2141,40.07,34.59
"1455",9,5,14,2063,14.65,34.06
"1456",9,5,15,2522,15.39,35.04
"1457",9,5,16,4069,15.56,35.34
"1458",9,5,17,5794,21.46,34.44
"1459",9,5,18,4518,15.5,32.9
"1460",9,5,19,3020,19.35,31.74
"1461",9,5,20,2046,15.22,30.87
"1462",9,5,21,1653,20.85,31.24
"1463",9,5,22,1062,24.89,31.35
"1464",9,5,23,718,17.49,31.73
"1465",9,6,0,408,19.56,31.38
"1466",9,6,1,217,15.86,31.06
"1467",9,6,2,131,19.62,33.54
"1468",9,6,3,58,162.66,35.31
"1469",9,6,4,56,16.93,34.41
"1470",9,6,5,276,10.36,32.21
"1471",9,6,6,898,11.74,35.3
"1472",9,6,7,2545,22.29,34.5
"1473",9,6,8,5206,14.02,34.18
"1474",9,6,9,3511,27.59,33.24
"1475",9,6,10,2041,23.73,33.13
"1476",9,6,11,2173,17.77,33.98
"1477",9,6,12,2726,24.4,34.31
"1478",9,6,13,2684,55.15,34.29
"1479",9,6,14,2724,20.47,34.22
"1480",9,6,15,3266,21.52,34.76
"1481",9,6,16,4671,19.76,34.87
"1482",9,6,17,6201,21.5,33.96
"1483",9,6,18,4969,17.43,32.65
"1484",9,6,19,3319,26.94,32.07
"1485",9,6,20,2035,17.04,31.34
"1486",9,6,21,1591,34.53,31.63
"1487",9,6,22,1436,32.9,31.83
"1488",9,6,23,1036,19.33,31.48
"1489",9,7,0,731,19.89,31.48
"1490",9,7,1,592,21.58,31.91
"1491",9,7,2,396,23.26,33.44
"1492",9,7,3,104,24.61,32.7
"1493",9,7,4,99,56.89,28.29
"1494",9,7,5,71,29.33,34.06
"1495",9,7,6,169,17.3,32.02
"1496",9,7,7,445,12.61,33.09
"1497",9,7,8,938,29.56,33.26
"1498",9,7,9,1457,18.42,32.86
"1499",9,7,10,2119,18.57,33.1
"1500",9,7,11,2700,24.38,33.22
"1501",9,7,12,3357,21.46,33.78
"1502",9,7,13,3420,27.31,33.77
"1503",9,7,14,3078,37.45,33.75
"1504",9,7,15,3205,36.03,33.84
"1505",9,7,16,3501,25.68,33.89
"1506",9,7,17,3683,47.53,34.14
"1507",9,7,18,3696,29.4,33.53
"1508",9,7,19,3054,21.39,33.44
"1509",9,7,20,2048,22.76,32.61
"1510",9,7,21,1691,30.13,31.63
"1511",9,7,22,1291,22.67,31.82
"1512",9,7,23,968,28.51,31.93
"1513",10,1,0,639,15.76,31.43
"1514",10,1,1,628,18.05,31.31
"1515",10,1,2,456,91.52,34.2
"1516",10,1,3,150,22.2,31.49
"1517",10,1,4,80,24.52,33.05
"1518",10,1,5,68,16.33,30.51
"1519",10,1,6,153,18.5,33.7
"1520",10,1,7,278,14.1,32.27
"1521",10,1,8,608,18.95,33.25
"1522",10,1,9,1118,19.17,33.45
"1523",10,1,10,1566,19.05,33.66
"1524",10,1,11,2008,23.57,33.13
"1525",10,1,12,2330,22.25,33.82
"1526",10,1,13,2497,25.16,33.66
"1527",10,1,14,2528,24.28,33.98
"1528",10,1,15,2532,25.64,34.05
"1529",10,1,16,2562,24.17,33.69
"1530",10,1,17,2509,23.01,33.39
"1531",10,1,18,2264,22.96,32.1
"1532",10,1,19,1503,23.09,30.42
"1533",10,1,20,1153,34.09,29.23
"1534",10,1,21,947,32.6,31.25
"1535",10,1,22,734,48.48,30.63
"1536",10,1,23,461,18.25,30.95
"1537",10,2,0,262,23.56,30.52
"1538",10,2,1,144,17.69,32.65
"1539",10,2,2,78,24.33,30.87
"1540",10,2,3,59,29.72,34.32
"1541",10,2,4,68,15.56,35.59
"1542",10,2,5,222,10.38,32.39
"1543",10,2,6,725,27.43,36.01
"1544",10,2,7,2121,24.32,34.98
"1545",10,2,8,4770,28.09,33.79
"1546",10,2,9,2998,18.97,33.35
"1547",10,2,10,1615,22.01,32.7
"1548",10,2,11,1578,16.86,33.78
"1549",10,2,12,1899,18.82,33.52
"1550",10,2,13,1966,22.66,34
"1551",10,2,14,1991,19.43,33.93
"1552",10,2,15,2141,19.19,34.96
"1553",10,2,16,3364,19.8,34.67
"1554",10,2,17,5482,16.58,34.05
"1555",10,2,18,4320,15.66,32.35
"1556",10,2,19,2617,20.6,31.12
"1557",10,2,20,1682,45.31,30.61
"1558",10,2,21,1076,20.02,30.65
"1559",10,2,22,700,34.11,30.47
"1560",10,2,23,362,16.45,30.02
"1561",10,3,0,290,107.11,30.33
"1562",10,3,1,135,16.99,31.19
"1563",10,3,2,76,14.35,33.57
"1564",10,3,3,56,181.68,40.54
"1565",10,3,4,61,15.75,36.11
"1566",10,3,5,313,12.33,33.42
"1567",10,3,6,1034,28.25,35.21
"1568",10,3,7,2829,16.4,34.83
"1569",10,3,8,6321,18.44,33.75
"1570",10,3,9,4087,13.87,32.7
"1571",10,3,10,2121,30.17,33.08
"1572",10,3,11,1910,27.68,33.69
"1573",10,3,12,2329,20.17,33.49
"1574",10,3,13,2339,21.07,33.09
"1575",10,3,14,2366,21.66,33.75
"1576",10,3,15,2771,23.55,34.56
"1577",10,3,16,4416,17.42,35.34
"1578",10,3,17,7633,19.02,34.27
"1579",10,3,18,5875,14.65,32.49
"1580",10,3,19,3496,13.63,30.89
"1581",10,3,20,2349,12.61,30.8
"1582",10,3,21,1825,25.37,30.67
"1583",10,3,22,1164,13.98,30.9
"1584",10,3,23,677,14.96,31.29
"1585",10,4,0,334,48.21,29.83
"1586",10,4,1,138,15.41,33.18
"1587",10,4,2,101,36.69,30.81
"1588",10,4,3,57,27.08,36.86
"1589",10,4,4,60,24.88,32.68
"1590",10,4,5,324,33.73,32.35
"1591",10,4,6,1085,23.9,35.46
"1592",10,4,7,3032,14.05,34.91
"1593",10,4,8,5973,14.49,33.67
"1594",10,4,9,4139,18.85,32.73
"1595",10,4,10,2170,23.52,33.25
"1596",10,4,11,2055,18.5,33.48
"1597",10,4,12,2240,34.65,33.41
"1598",10,4,13,2238,52.7,33.56
"1599",10,4,14,2090,38.4,34.1
"1600",10,4,15,2353,15.22,34.22
"1601",10,4,16,3683,27.81,35
"1602",10,4,17,5408,15.9,34.11
"1603",10,4,18,4346,14.26,31.97
"1604",10,4,19,2889,13.83,30.71
"1605",10,4,20,1975,20.34,30.53
"1606",10,4,21,1537,15.73,29.98
"1607",10,4,22,967,19.46,30.11
"1608",10,4,23,551,39.3,30.34
"1609",10,5,0,296,14.15,30.5
"1610",10,5,1,163,15.92,31.25
"1611",10,5,2,91,18.26,32.62
"1612",10,5,3,48,18.66,35.23
"1613",10,5,4,50,15.87,36.42
"1614",10,5,5,279,74.27,33.35
"1615",10,5,6,870,11.29,34.53
"1616",10,5,7,2686,11.52,34.98
"1617",10,5,8,5908,18.76,33.54
"1618",10,5,9,3746,14.07,33.31
"1619",10,5,10,1940,20.24,32.84
"1620",10,5,11,1793,18.44,33.59
"1621",10,5,12,1963,14.02,33.07
"1622",10,5,13,1992,50.26,32.94
"1623",10,5,14,1931,24.5,33.42
"1624",10,5,15,2531,19.35,34.61
"1625",10,5,16,4021,16.47,35.22
"1626",10,5,17,6390,22.25,33.97
"1627",10,5,18,5239,14.4,32.43
"1628",10,5,19,3247,13.52,31.54
"1629",10,5,20,2284,27.98,30.54
"1630",10,5,21,1624,13.25,30.54
"1631",10,5,22,1241,13.46,30.53
"1632",10,5,23,784,14.54,30.67
"1633",10,6,0,357,14.41,30.38
"1634",10,6,1,223,14.05,30.36
"1635",10,6,2,97,17.97,31.3
"1636",10,6,3,47,14.43,34.53
"1637",10,6,4,41,15.63,31.2
"1638",10,6,5,210,241.34,32.1
"1639",10,6,6,692,35.5,34.99
"1640",10,6,7,2082,14.85,34.78
"1641",10,6,8,4643,19.33,33.52
"1642",10,6,9,3319,13.66,32.97
"1643",10,6,10,1827,25.5,32.62
"1644",10,6,11,1854,18.9,33.76
"1645",10,6,12,2014,18.19,33.49
"1646",10,6,13,1914,43.65,33.64
"1647",10,6,14,1760,23.49,34.08
"1648",10,6,15,2154,15.18,34
"1649",10,6,16,3295,24.33,34.33
"1650",10,6,17,4463,14.52,33.62
"1651",10,6,18,3326,16.17,32.61
"1652",10,6,19,2081,15.7,31.32
"1653",10,6,20,1356,33.37,30.28
"1654",10,6,21,957,15.82,30.57
"1655",10,6,22,953,39.58,30.58
"1656",10,6,23,660,47.25,31.75
"1657",10,7,0,483,15.84,31.2
"1658",10,7,1,396,15.41,31.09
"1659",10,7,2,272,17.48,31.32
"1660",10,7,3,92,15.08,28.57
"1661",10,7,4,52,42.83,32
"1662",10,7,5,68,105.22,32.49
"1663",10,7,6,130,21.35,32.27
"1664",10,7,7,338,33.12,33.12
"1665",10,7,8,763,15.73,32.26
"1666",10,7,9,1204,27.96,32.35
"1667",10,7,10,1704,19.33,33.45
"1668",10,7,11,2177,17.84,33.06
"1669",10,7,12,2813,23.7,33.38
"1670",10,7,13,2962,22.71,33.82
"1671",10,7,14,3100,24.9,33.82
"1672",10,7,15,3356,24.09,33.98
"1673",10,7,16,3443,23.78,33.98
"1674",10,7,17,3264,25.07,33.03
"1675",10,7,18,2807,21.45,32.4
"1676",10,7,19,2023,18.21,31.61
"1677",10,7,20,1357,21.89,30.93
"1678",10,7,21,1200,24.26,30.22
"1679",10,7,22,1030,16.27,31.28
"1680",10,7,23,812,41.21,30.61
"1681",11,1,0,421,18.34,30.39
"1682",11,1,1,327,17.46,30.6
"1683",11,1,2,264,20.04,31.39
"1684",11,1,3,67,627.73,29.64
"1685",11,1,4,45,20.43,31.22
"1686",11,1,5,49,13.72,34.06
"1687",11,1,6,139,13.01,35.58
"1688",11,1,7,164,12.15,33.57
"1689",11,1,8,483,15.2,32.71
"1690",11,1,9,786,22.53,31.92
"1691",11,1,10,1082,16.11,30.91
"1692",11,1,11,1391,16.86,31.82
"1693",11,1,12,1526,18.8,31.76
"1694",11,1,13,1637,20.11,32.39
"1695",11,1,14,1580,21.81,32.53
"1696",11,1,15,1625,23.31,32.66
"1697",11,1,16,1577,37.75,31.55
"1698",11,1,17,1312,21.88,30.74
"1699",11,1,18,1030,15.57,29.32
"1700",11,1,19,902,14.25,29.91
"1701",11,1,20,747,13.72,28.64
"1702",11,1,21,562,22.58,28.57
"1703",11,1,22,429,16.73,29.52
"1704",11,1,23,327,12.53,29.82
"1705",11,2,0,192,15.83,30.59
"1706",11,2,1,104,18.08,32.11
"1707",11,2,2,66,52.18,34.55
"1708",11,2,3,30,16.41,36.87
"1709",11,2,4,36,347.25,36.22
"1710",11,2,5,164,61.56,34.46
"1711",11,2,6,618,18.35,34.94
"1712",11,2,7,1800,46.07,34.87
"1713",11,2,8,3825,19.55,33.96
"1714",11,2,9,2437,15.21,33.2
"1715",11,2,10,1369,17.9,32.59
"1716",11,2,11,1265,41.38,33.26
"1717",11,2,12,1367,22.38,33.37
"1718",11,2,13,1255,26.16,34.35
"1719",11,2,14,1286,17.82,33.21
"1720",11,2,15,1359,20.13,33.93
"1721",11,2,16,2237,14.29,34.69
"1722",11,2,17,3200,13.29,34.01
"1723",11,2,18,2764,12.97,32.16
"1724",11,2,19,1816,34.79,30.24
"1725",11,2,20,1185,15.93,30.17
"1726",11,2,21,945,13.27,30.06
"1727",11,2,22,678,21.85,30.13
"1728",11,2,23,350,14.62,30.77
"1729",11,3,0,178,15.14,29.74
"1730",11,3,1,67,16.58,29.91
"1731",11,3,2,43,312.53,36.65
"1732",11,3,3,25,13.47,33.96
"1733",11,3,4,40,19.6,35.92
"1734",11,3,5,204,9.96,32.66
"1735",11,3,6,656,10,34.48
"1736",11,3,7,1822,12.06,34.97
"1737",11,3,8,4089,29.83,33.9
"1738",11,3,9,2617,30.65,33.04
"1739",11,3,10,1216,16.27,32.64
"1740",11,3,11,959,13.66,32.73
"1741",11,3,12,1026,12.37,33.3
"1742",11,3,13,932,66.4,33.92
"1743",11,3,14,916,20.41,34.22
"1744",11,3,15,1147,14.51,34.11
"1745",11,3,16,1987,13.51,35.04
"1746",11,3,17,3467,13.73,34.02
"1747",11,3,18,2772,13.01,32.28
"1748",11,3,19,1929,12.49,31.24
"1749",11,3,20,1226,13.06,30.56
"1750",11,3,21,965,48.61,30.8
"1751",11,3,22,615,28.55,30.07
"1752",11,3,23,360,15.49,30.61
"1753",11,4,0,167,21.38,32.56
"1754",11,4,1,107,15.5,32.07
"1755",11,4,2,57,42.72,36.16
"1756",11,4,3,32,18.4,38.06
"1757",11,4,4,24,10.74,34.75
"1758",11,4,5,181,9.36,33.75
"1759",11,4,6,684,14.01,35.17
"1760",11,4,7,1694,13.71,35.27
"1761",11,4,8,3729,18.4,33.93
"1762",11,4,9,2329,15.08,33.37
"1763",11,4,10,1144,15.88,32.38
"1764",11,4,11,1045,14.71,33.98
"1765",11,4,12,1185,18.29,32.63
"1766",11,4,13,1223,19.28,33.86
"1767",11,4,14,1141,14.86,33.5
"1768",11,4,15,1411,13.49,34.48
"1769",11,4,16,2032,13.64,35.36
"1770",11,4,17,2663,17.34,34.5
"1771",11,4,18,2086,13.98,31.72
"1772",11,4,19,1400,12.24,30.92
"1773",11,4,20,976,11.53,30.74
"1774",11,4,21,809,26.55,30.62
"1775",11,4,22,545,12.47,30.91
"1776",11,4,23,342,50.2,29.64
"1777",11,5,0,179,23.01,32.08
"1778",11,5,1,140,15.33,31.66
"1779",11,5,2,76,20.59,32.13
"1780",11,5,3,21,19.34,36.67
"1781",11,5,4,26,20.86,38.35
"1782",11,5,5,159,9.13,33.5
"1783",11,5,6,472,10.3,34.82
"1784",11,5,7,1500,14.44,35.51
"1785",11,5,8,3202,13.29,34.19
"1786",11,5,9,2147,13.68,33.13
"1787",11,5,10,1099,13.51,33.13
"1788",11,5,11,1054,12.15,33.6
"1789",11,5,12,1159,19.66,33.22
"1790",11,5,13,1203,33.55,33.5
"1791",11,5,14,1178,16.14,33.16
"1792",11,5,15,1442,17.63,34.49
"1793",11,5,16,1782,13.52,35.36
"1794",11,5,17,2270,12.85,33.89
"1795",11,5,18,1782,28.24,31.64
"1796",11,5,19,1231,12.53,30.83
"1797",11,5,20,820,12.92,30.54
"1798",11,5,21,728,13.39,30.41
"1799",11,5,22,548,17.78,30.24
"1800",11,5,23,307,13.23,28.99
"1801",11,6,0,327,12.8,31.57
"1802",11,6,1,177,20.64,31.59
"1803",11,6,2,143,19.45,30.49
"1804",11,6,3,51,35.96,35.25
"1805",11,6,4,33,18.06,38.97
"1806",11,6,5,161,9.96,31.76
"1807",11,6,6,562,10.8,34.05
"1808",11,6,7,1828,12.88,34.53
"1809",11,6,8,4077,13.14,33.8
"1810",11,6,9,2921,13.18,32.97
"1811",11,6,10,1646,14.21,32.84
"1812",11,6,11,1590,16.09,33.21
"1813",11,6,12,1855,42.87,32.84
"1814",11,6,13,1852,20.58,33.31
"1815",11,6,14,1604,14.12,33.5
"1816",11,6,15,1837,20.58,33.97
"1817",11,6,16,2892,29.06,34.33
"1818",11,6,17,3800,22,33.72
"1819",11,6,18,2689,13.93,31.7
"1820",11,6,19,1786,14.07,30.52
"1821",11,6,20,1121,14.05,30.21
"1822",11,6,21,950,14.72,30.71
"1823",11,6,22,773,30.66,31.45
"1824",11,6,23,506,14.04,30.58
"1825",11,7,0,446,27.49,30.58
"1826",11,7,1,327,18.44,31.05
"1827",11,7,2,269,17.22,30.29
"1828",11,7,3,98,24.94,32.53
"1829",11,7,4,54,25.77,32.15
"1830",11,7,5,63,27.53,30.19
"1831",11,7,6,135,12.96,32.71
"1832",11,7,7,290,13.85,32.54
"1833",11,7,8,594,13.47,33.15
"1834",11,7,9,1027,13.5,31.78
"1835",11,7,10,1487,27.64,32.8
"1836",11,7,11,1881,16.26,32.18
"1837",11,7,12,2133,21.88,32.4
"1838",11,7,13,2302,32.05,32
"1839",11,7,14,2369,20.92,32.6
"1840",11,7,15,2399,21.74,32.89
"1841",11,7,16,2237,25.13,32.88
"1842",11,7,17,1845,19.54,31.89
"1843",11,7,18,1601,15.76,30.88
"1844",11,7,19,1292,14.72,29.96
"1845",11,7,20,930,13.01,29.02
"1846",11,7,21,840,13.41,29.82
"1847",11,7,22,766,14.81,30.27
"1848",11,7,23,598,13.7,30.84
"1849",12,1,0,224,15.36,32.86
"1850",12,1,1,175,21.77,32.19
"1851",12,1,2,130,45.3,32.6
"1852",12,1,3,43,17.36,35.7
"1853",12,1,4,28,15.35,27.29
"1854",12,1,5,34,20.66,33.91
"1855",12,1,6,71,15.62,36.42
"1856",12,1,7,110,16.94,32.8
"1857",12,1,8,271,12.57,32.54
"1858",12,1,9,536,10.92,32.65
"1859",12,1,10,731,24.16,33.71
"1860",12,1,11,989,15.3,32.1
"1861",12,1,12,1039,16.31,32.06
"1862",12,1,13,1123,53.27,32.54
"1863",12,1,14,1015,15.42,32.55
"1864",12,1,15,1098,16.92,33.64
"1865",12,1,16,930,27.38,32.02
"1866",12,1,17,735,14.39,31.57
"1867",12,1,18,616,13.37,30.49
"1868",12,1,19,467,12.91,30.86
"1869",12,1,20,404,21.73,31.26
"1870",12,1,21,282,96.33,31.21
"1871",12,1,22,223,12.07,31.3
"1872",12,1,23,131,410.81,31.57
"1873",12,2,0,85,14.38,29.8
"1874",12,2,1,66,50.12,35.8
"1875",12,2,2,27,22.93,34.44
"1876",12,2,3,25,21.46,37.84
"1877",12,2,4,29,15.54,33.21
"1878",12,2,5,119,10.19,32.76
"1879",12,2,6,300,10.24,36.36
"1880",12,2,7,701,12.4,35.37
"1881",12,2,8,1592,42.81,35.2
"1882",12,2,9,1009,12.01,33.93
"1883",12,2,10,535,21.05,34.55
"1884",12,2,11,479,18,33.87
"1885",12,2,12,590,11.66,34.02
"1886",12,2,13,604,25.09,33.21
"1887",12,2,14,598,76.41,34.04
"1888",12,2,15,771,33.38,34.14
"1889",12,2,16,1179,12.8,36.52
"1890",12,2,17,1730,13.06,35.19
"1891",12,2,18,1250,14.17,33.33
"1892",12,2,19,838,12.35,31.56
"1893",12,2,20,513,11.58,30.19
"1894",12,2,21,432,80.97,31.07
"1895",12,2,22,278,12.33,30.12
"1896",12,2,23,181,13.07,33.57
"1897",12,3,0,101,17.65,34.11
"1898",12,3,1,40,21.78,33.55
"1899",12,3,2,34,22.87,30.03
"1900",12,3,3,25,11.44,37.28
"1901",12,3,4,34,17.16,36.56
"1902",12,3,5,98,44.88,32.85
"1903",12,3,6,272,11.77,36.43
"1904",12,3,7,700,98.93,35.21
"1905",12,3,8,1462,20.31,34.52
"1906",12,3,9,1160,14.75,33.66
"1907",12,3,10,645,35.19,34.92
"1908",12,3,11,573,41.96,34.36
"1909",12,3,12,732,18.23,34.26
"1910",12,3,13,647,37.41,34.93
"1911",12,3,14,570,15.91,34.61
"1912",12,3,15,625,14.46,34.49
"1913",12,3,16,847,13.51,35.19
"1914",12,3,17,1223,22.52,33.97
"1915",12,3,18,990,13.21,32.59
"1916",12,3,19,789,51.85,31.13
"1917",12,3,20,553,58.89,31.83
"1918",12,3,21,384,12.14,31.48
"1919",12,3,22,272,19.52,31.25
"1920",12,3,23,145,14.51,34.46
"1921",12,4,0,71,20.7,35.87
"1922",12,4,1,36,13.83,33.61
"1923",12,4,2,28,13.91,33
"1924",12,4,3,10,14.91,36.9
"1925",12,4,4,20,16.86,33.6
"1926",12,4,5,77,78.85,32.96
"1927",12,4,6,215,14.54,34.1
"1928",12,4,7,496,22.17,34.69
"1929",12,4,8,1248,12.44,34.55
"1930",12,4,9,1016,28.76,34.36
"1931",12,4,10,503,12.16,34.45
"1932",12,4,11,470,16.08,33.61
"1933",12,4,12,540,29.11,32.49
"1934",12,4,13,585,20.86,33.25
"1935",12,4,14,598,133.69,33.68
"1936",12,4,15,722,16.81,34.75
"1937",12,4,16,1083,14.54,36.44
"1938",12,4,17,1730,14.83,35.16
"1939",12,4,18,1325,19.69,32.76
"1940",12,4,19,946,42.04,31.32
"1941",12,4,20,620,12.66,31.07
"1942",12,4,21,459,12.06,31.78
"1943",12,4,22,333,15.08,29.69
"1944",12,4,23,156,12.95,31.74
"1945",12,5,0,92,15.86,31.27
"1946",12,5,1,65,17.75,32.54
"1947",12,5,2,34,19.25,33.71
"1948",12,5,3,15,28.26,38.07
"1949",12,5,4,16,38.49,37.88
"1950",12,5,5,89,9.98,32.76
"1951",12,5,6,277,14.56,35.63
"1952",12,5,7,769,10.6,35.31
"1953",12,5,8,1823,12.65,34.6
"1954",12,5,9,1361,12.97,34.42
"1955",12,5,10,721,12.23,33.61
"1956",12,5,11,647,12.72,34.23
"1957",12,5,12,700,12.3,33.99
"1958",12,5,13,668,46.34,34.36
"1959",12,5,14,653,12.34,34.38
"1960",12,5,15,868,22.1,35.5
"1961",12,5,16,1247,18.63,36.3
"1962",12,5,17,1816,12.46,35.09
"1963",12,5,18,1373,12.41,32.7
"1964",12,5,19,971,17.1,32.46
"1965",12,5,20,641,15.05,32.31
"1966",12,5,21,448,11.96,31.74
"1967",12,5,22,317,12.31,30.38
"1968",12,5,23,233,11.7,31.66
"1969",12,6,0,141,12.8,31.89
"1970",12,6,1,75,19.63,32.75
"1971",12,6,2,57,308.89,35.46
"1972",12,6,3,27,22.19,36.56
"1973",12,6,4,23,335.22,29.61
"1974",12,6,5,84,241.64,32.81
"1975",12,6,6,249,9.95,36.59
"1976",12,6,7,716,14.65,35.81
"1977",12,6,8,1739,28.78,34.25
"1978",12,6,9,1282,12.07,33.74
"1979",12,6,10,744,14.05,32.83
"1980",12,6,11,693,41.29,35.12
"1981",12,6,12,874,13.48,34.54
"1982",12,6,13,867,82.09,33.83
"1983",12,6,14,757,13.61,35.22
"1984",12,6,15,848,15.81,35.64
"1985",12,6,16,1203,51.57,35.16
"1986",12,6,17,1504,31.71,34.49
"1987",12,6,18,1058,14.71,33.08
"1988",12,6,19,659,16.56,32.04
"1989",12,6,20,419,12.35,31.77
"1990",12,6,21,366,28.98,30.66
"1991",12,6,22,317,14.02,31.65
"1992",12,6,23,240,16.21,33.03
"1993",12,7,0,174,13.15,32.97
"1994",12,7,1,124,15.16,30.5
"1995",12,7,2,88,16.8,32.39
"1996",12,7,3,38,23.34,37.45
"1997",12,7,4,21,16.92,38.48
"1998",12,7,5,22,9.19,32
"1999",12,7,6,51,15.86,34.73
"2000",12,7,7,91,218.27,33.2
"2001",12,7,8,220,217.15,32.65
"2002",12,7,9,342,11.9,31.58
"2003",12,7,10,471,17.41,33.13
"2004",12,7,11,638,17.61,32.91
"2005",12,7,12,815,33.59,32.59
"2006",12,7,13,857,15.76,32.72
"2007",12,7,14,861,18.26,32.66
"2008",12,7,15,943,37.96,32.99
"2009",12,7,16,807,19.22,33.44
"2010",12,7,17,715,15.92,31.96
"2011",12,7,18,627,13.63,31.58
"2012",12,7,19,575,15.54,29.65
"2013",12,7,20,450,27.19,30.35
"2014",12,7,21,360,15.51,29.57
"2015",12,7,22,334,14.61,30.38
"2016",12,7,23,255,13.52,31.42
